{
  "Total" : {
    "transaction" : "Total",
    "sampleCount" : 1500,
    "errorCount" : 0,
    "errorPct" : 0.0,
    "meanResTime" : 93259.88933333338,
    "medianResTime" : 11883.0,
    "minResTime" : 750.0,
    "maxResTime" : 497933.0,
    "pct1ResTime" : 356894.4,
    "pct2ResTime" : 428440.75000000006,
    "pct3ResTime" : 482348.4,
    "throughput" : 2.949672684654426,
    "receivedKBytesPerSec" : 5186.478038273478,
    "sentKBytesPerSec" : 0.3946339431617738
  },
  "Express Js Http Call" : {
    "transaction" : "Express Js Http Call",
    "sampleCount" : 500,
    "errorCount" : 0,
    "errorPct" : 0.0,
    "meanResTime" : 259096.606,
    "medianResTime" : 266283.5,
    "minResTime" : 4857.0,
    "maxResTime" : 497933.0,
    "pct1ResTime" : 450053.8,
    "pct2ResTime" : 473309.7,
    "pct3ResTime" : 492930.94,
    "throughput" : 0.9945577798287769,
    "receivedKBytesPerSec" : 1819.4880970703312,
    "sentKBytesPerSec" : 0.13306095296537349
  },
  "Gin Gonic Http Call" : {
    "transaction" : "Gin Gonic Http Call",
    "sampleCount" : 500,
    "errorCount" : 0,
    "errorPct" : 0.0,
    "meanResTime" : 8492.797999999997,
    "medianResTime" : 8286.5,
    "minResTime" : 2070.0,
    "maxResTime" : 22575.0,
    "pct1ResTime" : 12260.200000000003,
    "pct2ResTime" : 13994.549999999997,
    "pct3ResTime" : 18065.960000000003,
    "throughput" : 0.9941998381442663,
    "receivedKBytesPerSec" : 1760.4900432750335,
    "sentKBytesPerSec" : 0.13301306428297313
  },
  "Spring Boot Http Call" : {
    "transaction" : "Spring Boot Http Call",
    "sampleCount" : 500,
    "errorCount" : 0,
    "errorPct" : 0.0,
    "meanResTime" : 12190.263999999997,
    "medianResTime" : 10731.0,
    "minResTime" : 750.0,
    "maxResTime" : 33634.0,
    "pct1ResTime" : 20268.800000000007,
    "pct2ResTime" : 23804.3,
    "pct3ResTime" : 28989.0,
    "throughput" : 1.003878988411221,
    "receivedKBytesPerSec" : 1681.2610411003116,
    "sentKBytesPerSec" : 0.1343080287229856
  }
}