{
  "Total" : {
    "transaction" : "Total",
    "sampleCount" : 1500,
    "errorCount" : 0,
    "errorPct" : 0.0,
    "meanResTime" : 822.8013333333325,
    "medianResTime" : 384.0,
    "minResTime" : 88.0,
    "maxResTime" : 4003.0,
    "pct1ResTime" : 2259.9,
    "pct2ResTime" : 2887.200000000008,
    "pct3ResTime" : 3542.4500000000007,
    "throughput" : 157.1338780641106,
    "receivedKBytesPerSec" : 2794.0879196783994,
    "sentKBytesPerSec" : 20.71589212759271
  },
  "Express Js Http Call" : {
    "transaction" : "Express Js Http Call",
    "sampleCount" : 500,
    "errorCount" : 0,
    "errorPct" : 0.0,
    "meanResTime" : 1828.856000000001,
    "medianResTime" : 1717.0,
    "minResTime" : 526.0,
    "maxResTime" : 4003.0,
    "pct1ResTime" : 3137.9,
    "pct2ResTime" : 3431.95,
    "pct3ResTime" : 3893.8500000000004,
    "throughput" : 57.084142025345365,
    "receivedKBytesPerSec" : 1060.3490873672793,
    "sentKBytesPerSec" : 7.525741380294554
  },
  "Gin Gonic Http Call" : {
    "transaction" : "Gin Gonic Http Call",
    "sampleCount" : 500,
    "errorCount" : 0,
    "errorPct" : 0.0,
    "meanResTime" : 394.4799999999997,
    "medianResTime" : 182.0,
    "minResTime" : 88.0,
    "maxResTime" : 1602.0,
    "pct1ResTime" : 938.6000000000001,
    "pct2ResTime" : 1187.85,
    "pct3ResTime" : 1456.3800000000006,
    "throughput" : 56.1104253170239,
    "receivedKBytesPerSec" : 1001.6039691112109,
    "sentKBytesPerSec" : 7.3973705251935815
  },
  "Spring Boot Http Call" : {
    "transaction" : "Spring Boot Http Call",
    "sampleCount" : 500,
    "errorCount" : 0,
    "errorPct" : 0.0,
    "meanResTime" : 245.0680000000001,
    "medianResTime" : 218.0,
    "minResTime" : 96.0,
    "maxResTime" : 724.0,
    "pct1ResTime" : 434.90000000000003,
    "pct2ResTime" : 466.9,
    "pct3ResTime" : 496.0,
    "throughput" : 56.04124635731899,
    "receivedKBytesPerSec" : 948.1587823638197,
    "sentKBytesPerSec" : 7.388250252185608
  }
}