{
  "Total" : {
    "transaction" : "Total",
    "sampleCount" : 300,
    "errorCount" : 0,
    "errorPct" : 0.0,
    "meanResTime" : 2909.7933333333335,
    "medianResTime" : 2657.5,
    "minResTime" : 367.0,
    "maxResTime" : 8521.0,
    "pct1ResTime" : 5915.400000000001,
    "pct2ResTime" : 7158.349999999999,
    "pct3ResTime" : 8155.42,
    "throughput" : 25.054284282612326,
    "receivedKBytesPerSec" : 4400.3951921872385,
    "sentKBytesPerSec" : 3.3275221312844496
  },
  "Express Js Http Call" : {
    "transaction" : "Express Js Http Call",
    "sampleCount" : 100,
    "errorCount" : 0,
    "errorPct" : 0.0,
    "meanResTime" : 3617.3099999999995,
    "medianResTime" : 2654.5,
    "minResTime" : 798.0,
    "maxResTime" : 8521.0,
    "pct1ResTime" : 7592.7,
    "pct2ResTime" : 8049.3499999999985,
    "pct3ResTime" : 8519.9,
    "throughput" : 10.733068584308253,
    "receivedKBytesPerSec" : 1962.2963232531931,
    "sentKBytesPerSec" : 1.4254856713534398
  },
  "Gin Gonic Http Call" : {
    "transaction" : "Gin Gonic Http Call",
    "sampleCount" : 100,
    "errorCount" : 0,
    "errorPct" : 0.0,
    "meanResTime" : 2300.1400000000003,
    "medianResTime" : 1925.5,
    "minResTime" : 367.0,
    "maxResTime" : 6839.0,
    "pct1ResTime" : 4899.6,
    "pct2ResTime" : 5552.599999999999,
    "pct3ResTime" : 6831.519999999996,
    "throughput" : 10.909884355225834,
    "receivedKBytesPerSec" : 1929.1743945014182,
    "sentKBytesPerSec" : 1.4489690159284312
  },
  "Spring Boot Http Call" : {
    "transaction" : "Spring Boot Http Call",
    "sampleCount" : 100,
    "errorCount" : 0,
    "errorPct" : 0.0,
    "meanResTime" : 2811.9299999999985,
    "medianResTime" : 2910.0,
    "minResTime" : 945.0,
    "maxResTime" : 4038.0,
    "pct1ResTime" : 3486.7,
    "pct2ResTime" : 3761.299999999999,
    "pct3ResTime" : 4037.0299999999993,
    "throughput" : 9.54107432496899,
    "receivedKBytesPerSec" : 1595.7260459402728,
    "sentKBytesPerSec" : 1.2671739337849441
  }
}