{
  "Total" : {
    "transaction" : "Total",
    "sampleCount" : 3000,
    "errorCount" : 0,
    "errorPct" : 0.0,
    "meanResTime" : 596.4789999999998,
    "medianResTime" : 399.5,
    "minResTime" : 15.0,
    "maxResTime" : 2637.0,
    "pct1ResTime" : 1355.0,
    "pct2ResTime" : 1630.0,
    "pct3ResTime" : 1759.9399999999987,
    "throughput" : 255.10204081632654,
    "receivedKBytesPerSec" : 4536.116204294218,
    "sentKBytesPerSec" : 33.631616709183675
  },
  "Express Js Http Call" : {
    "transaction" : "Express Js Http Call",
    "sampleCount" : 1000,
    "errorCount" : 0,
    "errorPct" : 0.0,
    "meanResTime" : 1046.250000000001,
    "medianResTime" : 1068.5,
    "minResTime" : 191.0,
    "maxResTime" : 1806.0,
    "pct1ResTime" : 1660.9,
    "pct2ResTime" : 1687.0,
    "pct3ResTime" : 1753.95,
    "throughput" : 87.85802143735722,
    "receivedKBytesPerSec" : 1631.9799079687225,
    "sentKBytesPerSec" : 11.582844623089088
  },
  "Gin Gonic Http Call" : {
    "transaction" : "Gin Gonic Http Call",
    "sampleCount" : 1000,
    "errorCount" : 0,
    "errorPct" : 0.0,
    "meanResTime" : 549.2970000000003,
    "medianResTime" : 507.5,
    "minResTime" : 21.0,
    "maxResTime" : 2637.0,
    "pct1ResTime" : 993.8,
    "pct2ResTime" : 1251.9499999999998,
    "pct3ResTime" : 2075.7000000000003,
    "throughput" : 86.97164724299878,
    "receivedKBytesPerSec" : 1552.4948632370847,
    "sentKBytesPerSec" : 11.465988650200035
  },
  "Spring Boot Http Call" : {
    "transaction" : "Spring Boot Http Call",
    "sampleCount" : 1000,
    "errorCount" : 0,
    "errorPct" : 0.0,
    "meanResTime" : 193.89000000000004,
    "medianResTime" : 182.0,
    "minResTime" : 15.0,
    "maxResTime" : 511.0,
    "pct1ResTime" : 334.0,
    "pct2ResTime" : 386.94999999999993,
    "pct3ResTime" : 476.0,
    "throughput" : 87.00948403375968,
    "receivedKBytesPerSec" : 1472.108702036022,
    "sentKBytesPerSec" : 11.47097689898199
  }
}