{
  "Total" : {
    "transaction" : "Total",
    "sampleCount" : 300,
    "errorCount" : 0,
    "errorPct" : 0.0,
    "meanResTime" : 470.6099999999999,
    "medianResTime" : 417.5,
    "minResTime" : 91.0,
    "maxResTime" : 1271.0,
    "pct1ResTime" : 878.7,
    "pct2ResTime" : 930.6999999999999,
    "pct3ResTime" : 999.7200000000003,
    "throughput" : 131.11888111888112,
    "receivedKBytesPerSec" : 2331.5002868225524,
    "sentKBytesPerSec" : 17.286180616258743
  },
  "Express Js Http Call" : {
    "transaction" : "Express Js Http Call",
    "sampleCount" : 100,
    "errorCount" : 0,
    "errorPct" : 0.0,
    "meanResTime" : 835.7900000000002,
    "medianResTime" : 841.0,
    "minResTime" : 554.0,
    "maxResTime" : 1000.0,
    "pct1ResTime" : 935.0,
    "pct2ResTime" : 954.4499999999998,
    "pct3ResTime" : 999.7199999999998,
    "throughput" : 55.43237250554324,
    "receivedKBytesPerSec" : 1029.6671459257207,
    "sentKBytesPerSec" : 7.307978797117516
  },
  "Gin Gonic Http Call" : {
    "transaction" : "Gin Gonic Http Call",
    "sampleCount" : 100,
    "errorCount" : 0,
    "errorPct" : 0.0,
    "meanResTime" : 381.1399999999999,
    "medianResTime" : 369.0,
    "minResTime" : 92.0,
    "maxResTime" : 1271.0,
    "pct1ResTime" : 668.1,
    "pct2ResTime" : 705.4499999999998,
    "pct3ResTime" : 1270.6999999999998,
    "throughput" : 61.050061050061046,
    "receivedKBytesPerSec" : 1089.7793612637363,
    "sentKBytesPerSec" : 8.048592032967033
  },
  "Spring Boot Http Call" : {
    "transaction" : "Spring Boot Http Call",
    "sampleCount" : 100,
    "errorCount" : 0,
    "errorPct" : 0.0,
    "meanResTime" : 194.89999999999998,
    "medianResTime" : 195.5,
    "minResTime" : 91.0,
    "maxResTime" : 310.0,
    "pct1ResTime" : 265.6,
    "pct2ResTime" : 280.0,
    "pct3ResTime" : 309.87999999999994,
    "throughput" : 61.31207847946045,
    "receivedKBytesPerSec" : 1037.3357027896996,
    "sentKBytesPerSec" : 8.083135346413243
  }
}