{
  "Total" : {
    "transaction" : "Total",
    "sampleCount" : 3000,
    "errorCount" : 0,
    "errorPct" : 0.0,
    "meanResTime" : 171398.6690000003,
    "medianResTime" : 10817.0,
    "minResTime" : 2076.0,
    "maxResTime" : 990138.0,
    "pct1ResTime" : 687002.4,
    "pct2ResTime" : 832738.7499999999,
    "pct3ResTime" : 959486.9899999999,
    "throughput" : 2.9722805119455953,
    "receivedKBytesPerSec" : 5226.2299064549015,
    "sentKBytesPerSec" : 0.39765862318022127
  },
  "Express Js Http Call" : {
    "transaction" : "Express Js Http Call",
    "sampleCount" : 1000,
    "errorCount" : 0,
    "errorPct" : 0.0,
    "meanResTime" : 496166.5980000001,
    "medianResTime" : 498106.5,
    "minResTime" : 2256.0,
    "maxResTime" : 990138.0,
    "pct1ResTime" : 882983.3999999999,
    "pct2ResTime" : 940729.3499999999,
    "pct3ResTime" : 982164.29,
    "throughput" : 1.0000570032491851,
    "receivedKBytesPerSec" : 1829.5486202088518,
    "sentKBytesPerSec" : 0.13379668891126795
  },
  "Gin Gonic Http Call" : {
    "transaction" : "Gin Gonic Http Call",
    "sampleCount" : 1000,
    "errorCount" : 0,
    "errorPct" : 0.0,
    "meanResTime" : 8164.879999999999,
    "medianResTime" : 8239.5,
    "minResTime" : 2076.0,
    "maxResTime" : 18077.0,
    "pct1ResTime" : 11775.9,
    "pct2ResTime" : 12761.999999999996,
    "pct3ResTime" : 15158.53,
    "throughput" : 0.9970069850309372,
    "receivedKBytesPerSec" : 1765.460828779504,
    "sentKBytesPerSec" : 0.13338862983324062
  },
  "Spring Boot Http Call" : {
    "transaction" : "Spring Boot Http Call",
    "sampleCount" : 1000,
    "errorCount" : 0,
    "errorPct" : 0.0,
    "meanResTime" : 9864.529000000004,
    "medianResTime" : 9724.5,
    "minResTime" : 2481.0,
    "maxResTime" : 20568.0,
    "pct1ResTime" : 13547.0,
    "pct2ResTime" : 14963.949999999997,
    "pct3ResTime" : 16796.77,
    "throughput" : 0.9963255513665602,
    "receivedKBytesPerSec" : 1668.6108117637154,
    "sentKBytesPerSec" : 0.13329746146212768
  }
}