{
  "Total" : {
    "transaction" : "Total",
    "sampleCount" : 1500,
    "errorCount" : 0,
    "errorPct" : 0.0,
    "meanResTime" : 217.3666666666669,
    "medianResTime" : 181.0,
    "minResTime" : 8.0,
    "maxResTime" : 1005.0,
    "pct1ResTime" : 430.8000000000002,
    "pct2ResTime" : 517.0,
    "pct3ResTime" : 686.96,
    "throughput" : 280.3738317757009,
    "receivedKBytesPerSec" : 4985.488463785047,
    "sentKBytesPerSec" : 36.963346962616825
  },
  "Express Js Http Call" : {
    "transaction" : "Express Js Http Call",
    "sampleCount" : 500,
    "errorCount" : 0,
    "errorPct" : 0.0,
    "meanResTime" : 223.06000000000006,
    "medianResTime" : 217.5,
    "minResTime" : 72.0,
    "maxResTime" : 521.0,
    "pct1ResTime" : 304.90000000000003,
    "pct2ResTime" : 321.9,
    "pct3ResTime" : 373.98,
    "throughput" : 98.15469179426776,
    "receivedKBytesPerSec" : 1823.2425709167646,
    "sentKBytesPerSec" : 12.940315812720847
  },
  "Gin Gonic Http Call" : {
    "transaction" : "Gin Gonic Http Call",
    "sampleCount" : 500,
    "errorCount" : 0,
    "errorPct" : 0.0,
    "meanResTime" : 294.6759999999999,
    "medianResTime" : 243.5,
    "minResTime" : 9.0,
    "maxResTime" : 1005.0,
    "pct1ResTime" : 561.0,
    "pct2ResTime" : 648.3999999999999,
    "pct3ResTime" : 772.8000000000002,
    "throughput" : 96.99321047526672,
    "receivedKBytesPerSec" : 1731.385638942774,
    "sentKBytesPerSec" : 12.78719083414161
  },
  "Spring Boot Http Call" : {
    "transaction" : "Spring Boot Http Call",
    "sampleCount" : 500,
    "errorCount" : 0,
    "errorPct" : 0.0,
    "meanResTime" : 134.36399999999998,
    "medianResTime" : 134.5,
    "minResTime" : 8.0,
    "maxResTime" : 331.0,
    "pct1ResTime" : 208.0,
    "pct2ResTime" : 240.89999999999998,
    "pct3ResTime" : 282.95000000000005,
    "throughput" : 97.2951936174353,
    "receivedKBytesPerSec" : 1646.1320599824867,
    "sentKBytesPerSec" : 12.827003064798598
  }
}