{
  "Total" : {
    "transaction" : "Total",
    "sampleCount" : 3000,
    "errorCount" : 0,
    "errorPct" : 0.0,
    "meanResTime" : 21184.67533333335,
    "medianResTime" : 239.0,
    "minResTime" : 88.0,
    "maxResTime" : 127945.0,
    "pct1ResTime" : 88058.90000000002,
    "pct2ResTime" : 108172.54999999994,
    "pct3ResTime" : 123948.84999999995,
    "throughput" : 21.753475117650044,
    "receivedKBytesPerSec" : 38249.640897711535,
    "sentKBytesPerSec" : 2.910377042107477
  },
  "Express Js Http Call" : {
    "transaction" : "Express Js Http Call",
    "sampleCount" : 1000,
    "errorCount" : 0,
    "errorPct" : 0.0,
    "meanResTime" : 63116.009000000035,
    "medianResTime" : 62499.0,
    "minResTime" : 442.0,
    "maxResTime" : 127945.0,
    "pct1ResTime" : 114419.59999999999,
    "pct2ResTime" : 120974.34999999999,
    "pct3ResTime" : 126923.31,
    "throughput" : 7.2631663047188795,
    "receivedKBytesPerSec" : 13287.558457140054,
    "sentKBytesPerSec" : 0.9717322106899281
  },
  "Gin Gonic Http Call" : {
    "transaction" : "Gin Gonic Http Call",
    "sampleCount" : 1000,
    "errorCount" : 0,
    "errorPct" : 0.0,
    "meanResTime" : 212.33599999999984,
    "medianResTime" : 184.5,
    "minResTime" : 114.0,
    "maxResTime" : 1088.0,
    "pct1ResTime" : 304.69999999999993,
    "pct2ResTime" : 395.0,
    "pct3ResTime" : 592.8600000000001,
    "throughput" : 7.279450838228764,
    "receivedKBytesPerSec" : 12890.165769019386,
    "sentKBytesPerSec" : 0.9739109031614656
  },
  "Spring Boot Http Call" : {
    "transaction" : "Spring Boot Http Call",
    "sampleCount" : 1000,
    "errorCount" : 0,
    "errorPct" : 0.0,
    "meanResTime" : 225.68099999999987,
    "medianResTime" : 196.0,
    "minResTime" : 88.0,
    "maxResTime" : 979.0,
    "pct1ResTime" : 342.0,
    "pct2ResTime" : 416.0,
    "pct3ResTime" : 601.96,
    "throughput" : 7.282366477810629,
    "receivedKBytesPerSec" : 12196.249934003552,
    "sentKBytesPerSec" : 0.974300983847711
  }
}