{
  "Total" : {
    "transaction" : "Total",
    "sampleCount" : 1500,
    "errorCount" : 0,
    "errorPct" : 0.0,
    "meanResTime" : 11294.383333333331,
    "medianResTime" : 3354.0,
    "minResTime" : 131.0,
    "maxResTime" : 62606.0,
    "pct1ResTime" : 39985.50000000001,
    "pct2ResTime" : 50749.55,
    "pct3ResTime" : 59975.16,
    "throughput" : 21.790923354058922,
    "receivedKBytesPerSec" : 3827.2366226429485,
    "sentKBytesPerSec" : 2.8941070079609506
  },
  "Express Js Http Call" : {
    "transaction" : "Express Js Http Call",
    "sampleCount" : 500,
    "errorCount" : 0,
    "errorPct" : 0.0,
    "meanResTime" : 28681.66800000001,
    "medianResTime" : 28683.0,
    "minResTime" : 835.0,
    "maxResTime" : 62606.0,
    "pct1ResTime" : 54534.5,
    "pct2ResTime" : 57864.09999999999,
    "pct3ResTime" : 61635.01,
    "throughput" : 7.416526988741713,
    "receivedKBytesPerSec" : 1355.9424806614059,
    "sentKBytesPerSec" : 0.9850074906922586
  },
  "Gin Gonic Http Call" : {
    "transaction" : "Gin Gonic Http Call",
    "sampleCount" : 500,
    "errorCount" : 0,
    "errorPct" : 0.0,
    "meanResTime" : 1485.1360000000009,
    "medianResTime" : 1125.0,
    "minResTime" : 131.0,
    "maxResTime" : 6302.0,
    "pct1ResTime" : 3097.3,
    "pct2ResTime" : 3696.2999999999997,
    "pct3ResTime" : 5488.120000000001,
    "throughput" : 7.403897411597465,
    "receivedKBytesPerSec" : 1309.217296985133,
    "sentKBytesPerSec" : 0.9833301249777884
  },
  "Spring Boot Http Call" : {
    "transaction" : "Spring Boot Http Call",
    "sampleCount" : 500,
    "errorCount" : 0,
    "errorPct" : 0.0,
    "meanResTime" : 3716.3459999999945,
    "medianResTime" : 3441.5,
    "minResTime" : 228.0,
    "maxResTime" : 7645.0,
    "pct1ResTime" : 6042.7,
    "pct2ResTime" : 6456.65,
    "pct3ResTime" : 7190.67,
    "throughput" : 7.434723130910605,
    "receivedKBytesPerSec" : 1243.4429227011838,
    "sentKBytesPerSec" : 0.9874241658240648
  }
}