{
  "Total" : {
    "transaction" : "Total",
    "sampleCount" : 300,
    "errorCount" : 0,
    "errorPct" : 0.0,
    "meanResTime" : 92.5600000000001,
    "medianResTime" : 22.0,
    "minResTime" : 7.0,
    "maxResTime" : 461.0,
    "pct1ResTime" : 261.0,
    "pct2ResTime" : 282.95,
    "pct3ResTime" : 444.96000000000004,
    "throughput" : 284.0909090909091,
    "receivedKBytesPerSec" : 5051.583954782197,
    "sentKBytesPerSec" : 37.45339133522727
  },
  "Express Js Http Call" : {
    "transaction" : "Express Js Http Call",
    "sampleCount" : 100,
    "errorCount" : 0,
    "errorPct" : 0.0,
    "meanResTime" : 231.05000000000007,
    "medianResTime" : 229.0,
    "minResTime" : 98.0,
    "maxResTime" : 461.0,
    "pct1ResTime" : 300.40000000000003,
    "pct2ResTime" : 427.64999999999947,
    "pct3ResTime" : 460.96999999999997,
    "throughput" : 101.21457489878543,
    "receivedKBytesPerSec" : 1880.0804972165993,
    "sentKBytesPerSec" : 13.343718370445345
  },
  "Gin Gonic Http Call" : {
    "transaction" : "Gin Gonic Http Call",
    "sampleCount" : 100,
    "errorCount" : 0,
    "errorPct" : 0.0,
    "meanResTime" : 27.540000000000003,
    "medianResTime" : 16.0,
    "minResTime" : 8.0,
    "maxResTime" : 129.0,
    "pct1ResTime" : 101.00000000000006,
    "pct2ResTime" : 114.59999999999991,
    "pct3ResTime" : 128.91999999999996,
    "throughput" : 112.35955056179775,
    "receivedKBytesPerSec" : 2005.6838132022472,
    "sentKBytesPerSec" : 14.813026685393258
  },
  "Spring Boot Http Call" : {
    "transaction" : "Spring Boot Http Call",
    "sampleCount" : 100,
    "errorCount" : 0,
    "errorPct" : 0.0,
    "meanResTime" : 19.09,
    "medianResTime" : 18.0,
    "minResTime" : 7.0,
    "maxResTime" : 42.0,
    "pct1ResTime" : 28.0,
    "pct2ResTime" : 32.89999999999998,
    "pct3ResTime" : 41.929999999999964,
    "throughput" : 113.50737797956867,
    "receivedKBytesPerSec" : 1920.425120601589,
    "sentKBytesPerSec" : 14.964351589103291
  }
}