{
  "Total" : {
    "transaction" : "Total",
    "sampleCount" : 300,
    "errorCount" : 0,
    "errorPct" : 0.0,
    "meanResTime" : 339.0766666666667,
    "medianResTime" : 77.5,
    "minResTime" : 14.0,
    "maxResTime" : 1426.0,
    "pct1ResTime" : 1138.4,
    "pct2ResTime" : 1279.95,
    "pct3ResTime" : 1398.98,
    "throughput" : 126.26262626262627,
    "receivedKBytesPerSec" : 22176.065669718013,
    "sentKBytesPerSec" : 16.769255050505052
  },
  "Express Js Http Call" : {
    "transaction" : "Express Js Http Call",
    "sampleCount" : 100,
    "errorCount" : 0,
    "errorPct" : 0.0,
    "meanResTime" : 898.8499999999999,
    "medianResTime" : 927.5,
    "minResTime" : 155.0,
    "maxResTime" : 1426.0,
    "pct1ResTime" : 1336.6000000000001,
    "pct2ResTime" : 1362.6499999999999,
    "pct3ResTime" : 1425.82,
    "throughput" : 44.603033006244424,
    "receivedKBytesPerSec" : 8154.645336195361,
    "sentKBytesPerSec" : 5.923840321141838
  },
  "Gin Gonic Http Call" : {
    "transaction" : "Gin Gonic Http Call",
    "sampleCount" : 100,
    "errorCount" : 0,
    "errorPct" : 0.0,
    "meanResTime" : 66.22,
    "medianResTime" : 36.5,
    "minResTime" : 21.0,
    "maxResTime" : 251.0,
    "pct1ResTime" : 132.70000000000007,
    "pct2ResTime" : 238.79999999999995,
    "pct3ResTime" : 250.96999999999997,
    "throughput" : 45.45454545454545,
    "receivedKBytesPerSec" : 8037.642045454545,
    "sentKBytesPerSec" : 6.0369318181818175
  },
  "Spring Boot Http Call" : {
    "transaction" : "Spring Boot Http Call",
    "sampleCount" : 100,
    "errorCount" : 0,
    "errorPct" : 0.0,
    "meanResTime" : 52.15999999999999,
    "medianResTime" : 37.0,
    "minResTime" : 14.0,
    "maxResTime" : 133.0,
    "pct1ResTime" : 102.9,
    "pct2ResTime" : 114.84999999999997,
    "pct3ResTime" : 133.0,
    "throughput" : 45.80852038479157,
    "receivedKBytesPerSec" : 7661.385564590014,
    "sentKBytesPerSec" : 6.083944113605131
  }
}