{
  "Total" : {
    "transaction" : "Total",
    "sampleCount" : 3000,
    "errorCount" : 0,
    "errorPct" : 0.0,
    "meanResTime" : 1175.6929999999995,
    "medianResTime" : 225.0,
    "minResTime" : 88.0,
    "maxResTime" : 4256.0,
    "pct1ResTime" : 3675.9,
    "pct2ResTime" : 3830.0,
    "pct3ResTime" : 4030.9799999999996,
    "throughput" : 204.49897750511246,
    "receivedKBytesPerSec" : 3636.3140124403544,
    "sentKBytesPerSec" : 26.960314417177916
  },
  "Express Js Http Call" : {
    "transaction" : "Express Js Http Call",
    "sampleCount" : 1000,
    "errorCount" : 0,
    "errorPct" : 0.0,
    "meanResTime" : 3084.815999999996,
    "medianResTime" : 3287.5,
    "minResTime" : 522.0,
    "maxResTime" : 4256.0,
    "pct1ResTime" : 3850.0,
    "pct2ResTime" : 4001.0,
    "pct3ResTime" : 4162.98,
    "throughput" : 71.21999857560003,
    "receivedKBytesPerSec" : 1322.9253836977423,
    "sentKBytesPerSec" : 9.389355280962894
  },
  "Gin Gonic Http Call" : {
    "transaction" : "Gin Gonic Http Call",
    "sampleCount" : 1000,
    "errorCount" : 0,
    "errorPct" : 0.0,
    "meanResTime" : 264.3310000000002,
    "medianResTime" : 122.0,
    "minResTime" : 88.0,
    "maxResTime" : 1359.0,
    "pct1ResTime" : 689.0,
    "pct2ResTime" : 735.8999999999999,
    "pct3ResTime" : 1099.92,
    "throughput" : 71.4898484415213,
    "receivedKBytesPerSec" : 1276.1356832642266,
    "sentKBytesPerSec" : 9.424931191020875
  },
  "Spring Boot Http Call" : {
    "transaction" : "Spring Boot Http Call",
    "sampleCount" : 1000,
    "errorCount" : 0,
    "errorPct" : 0.0,
    "meanResTime" : 177.93199999999987,
    "medianResTime" : 171.0,
    "minResTime" : 92.0,
    "maxResTime" : 423.0,
    "pct1ResTime" : 259.0,
    "pct2ResTime" : 276.0,
    "pct3ResTime" : 349.93000000000006,
    "throughput" : 71.4847380084352,
    "receivedKBytesPerSec" : 1209.4463730431053,
    "sentKBytesPerSec" : 9.424257452283937
  }
}