{
  "Total" : {
    "transaction" : "Total",
    "sampleCount" : 300,
    "errorCount" : 0,
    "errorPct" : 0.0,
    "meanResTime" : 22305.560000000005,
    "medianResTime" : 9244.5,
    "minResTime" : 1869.0,
    "maxResTime" : 101752.0,
    "pct1ResTime" : 70461.80000000002,
    "pct2ResTime" : 90084.5,
    "pct3ResTime" : 100271.17,
    "throughput" : 2.6999541007802867,
    "receivedKBytesPerSec" : 4747.39204824143,
    "sentKBytesPerSec" : 0.36122432793642506
  },
  "Express Js Http Call" : {
    "transaction" : "Express Js Http Call",
    "sampleCount" : 100,
    "errorCount" : 0,
    "errorPct" : 0.0,
    "meanResTime" : 51019.64,
    "medianResTime" : 50187.0,
    "minResTime" : 2641.0,
    "maxResTime" : 101752.0,
    "pct1ResTime" : 92599.90000000001,
    "pct2ResTime" : 99556.65,
    "pct3ResTime" : 101747.37,
    "throughput" : 0.9748013842179656,
    "receivedKBytesPerSec" : 1783.3448710215919,
    "sentKBytesPerSec" : 0.1304177633182239
  },
  "Gin Gonic Http Call" : {
    "transaction" : "Gin Gonic Http Call",
    "sampleCount" : 100,
    "errorCount" : 0,
    "errorPct" : 0.0,
    "meanResTime" : 7150.709999999999,
    "medianResTime" : 6863.0,
    "minResTime" : 1869.0,
    "maxResTime" : 16469.0,
    "pct1ResTime" : 11213.400000000001,
    "pct2ResTime" : 14508.54999999998,
    "pct3ResTime" : 16457.029999999995,
    "throughput" : 0.9510585281418218,
    "receivedKBytesPerSec" : 1684.0971051561637,
    "sentKBytesPerSec" : 0.1272412288627242
  },
  "Spring Boot Http Call" : {
    "transaction" : "Spring Boot Http Call",
    "sampleCount" : 100,
    "errorCount" : 0,
    "errorPct" : 0.0,
    "meanResTime" : 8746.33,
    "medianResTime" : 8658.0,
    "minResTime" : 2641.0,
    "maxResTime" : 17693.0,
    "pct1ResTime" : 12812.600000000002,
    "pct2ResTime" : 13896.15,
    "pct3ResTime" : 17687.94,
    "throughput" : 0.9407603224926385,
    "receivedKBytesPerSec" : 1575.552130763333,
    "sentKBytesPerSec" : 0.12586344158348778
  }
}