{
  "Total" : {
    "transaction" : "Total",
    "sampleCount" : 3000,
    "errorCount" : 0,
    "errorPct" : 0.0,
    "meanResTime" : 1609.5253333333326,
    "medianResTime" : 85.0,
    "minResTime" : 17.0,
    "maxResTime" : 8062.0,
    "pct1ResTime" : 6140.400000000001,
    "pct2ResTime" : 7124.5999999999985,
    "pct3ResTime" : 7906.909999999998,
    "throughput" : 167.9261125104954,
    "receivedKBytesPerSec" : 29493.608749650157,
    "sentKBytesPerSec" : 22.30268681780017
  },
  "Express Js Http Call" : {
    "transaction" : "Express Js Http Call",
    "sampleCount" : 1000,
    "errorCount" : 0,
    "errorPct" : 0.0,
    "meanResTime" : 4680.845000000001,
    "medianResTime" : 4964.5,
    "minResTime" : 204.0,
    "maxResTime" : 8062.0,
    "pct1ResTime" : 7521.7,
    "pct2ResTime" : 7776.95,
    "pct3ResTime" : 8014.99,
    "throughput" : 56.11987204669173,
    "receivedKBytesPerSec" : 10260.236176974016,
    "sentKBytesPerSec" : 7.453420506201247
  },
  "Gin Gonic Http Call" : {
    "transaction" : "Gin Gonic Http Call",
    "sampleCount" : 1000,
    "errorCount" : 0,
    "errorPct" : 0.0,
    "meanResTime" : 81.88199999999993,
    "medianResTime" : 44.0,
    "minResTime" : 17.0,
    "maxResTime" : 682.0,
    "pct1ResTime" : 199.89999999999998,
    "pct2ResTime" : 279.94999999999993,
    "pct3ResTime" : 406.98,
    "throughput" : 56.856947919035704,
    "receivedKBytesPerSec" : 10053.907493745735,
    "sentKBytesPerSec" : 7.551313395496929
  },
  "Spring Boot Http Call" : {
    "transaction" : "Spring Boot Http Call",
    "sampleCount" : 1000,
    "errorCount" : 0,
    "errorPct" : 0.0,
    "meanResTime" : 65.84900000000007,
    "medianResTime" : 44.0,
    "minResTime" : 18.0,
    "maxResTime" : 369.0,
    "pct1ResTime" : 142.0,
    "pct2ResTime" : 178.0,
    "pct3ResTime" : 250.0,
    "throughput" : 57.00929251467989,
    "receivedKBytesPerSec" : 9534.692826805769,
    "sentKBytesPerSec" : 7.5715466621059235
  }
}