{
  "Total" : {
    "transaction" : "Total",
    "sampleCount" : 1500,
    "errorCount" : 0,
    "errorPct" : 0.0,
    "meanResTime" : 1045.3099999999984,
    "medianResTime" : 165.0,
    "minResTime" : 15.0,
    "maxResTime" : 5341.0,
    "pct1ResTime" : 3836.000000000002,
    "pct2ResTime" : 4617.5,
    "pct3ResTime" : 5202.540000000001,
    "throughput" : 146.1418550272798,
    "receivedKBytesPerSec" : 25667.542883500588,
    "sentKBytesPerSec" : 19.4094651208106
  },
  "Express Js Http Call" : {
    "transaction" : "Express Js Http Call",
    "sampleCount" : 500,
    "errorCount" : 0,
    "errorPct" : 0.0,
    "meanResTime" : 2924.8420000000006,
    "medianResTime" : 3077.0,
    "minResTime" : 182.0,
    "maxResTime" : 5341.0,
    "pct1ResTime" : 4868.1,
    "pct2ResTime" : 5087.4,
    "pct3ResTime" : 5282.99,
    "throughput" : 49.56383822363203,
    "receivedKBytesPerSec" : 9061.615208044212,
    "sentKBytesPerSec" : 6.58269726407613
  },
  "Gin Gonic Http Call" : {
    "transaction" : "Gin Gonic Http Call",
    "sampleCount" : 500,
    "errorCount" : 0,
    "errorPct" : 0.0,
    "meanResTime" : 115.45200000000003,
    "medianResTime" : 46.5,
    "minResTime" : 18.0,
    "maxResTime" : 804.0,
    "pct1ResTime" : 289.7000000000001,
    "pct2ResTime" : 378.95,
    "pct3ResTime" : 476.98,
    "throughput" : 49.70178926441352,
    "receivedKBytesPerSec" : 8788.67420477137,
    "sentKBytesPerSec" : 6.60101888667992
  },
  "Spring Boot Http Call" : {
    "transaction" : "Spring Boot Http Call",
    "sampleCount" : 500,
    "errorCount" : 0,
    "errorPct" : 0.0,
    "meanResTime" : 95.636,
    "medianResTime" : 49.0,
    "minResTime" : 15.0,
    "maxResTime" : 473.0,
    "pct1ResTime" : 238.90000000000003,
    "pct2ResTime" : 270.95,
    "pct3ResTime" : 348.9200000000001,
    "throughput" : 49.880287310454904,
    "receivedKBytesPerSec" : 8342.38063023743,
    "sentKBytesPerSec" : 6.624725658419793
  }
}