{
  "Total" : {
    "transaction" : "Total",
    "sampleCount" : 1500,
    "errorCount" : 0,
    "errorPct" : 0.0,
    "meanResTime" : 11099.791333333327,
    "medianResTime" : 206.0,
    "minResTime" : 94.0,
    "maxResTime" : 64018.0,
    "pct1ResTime" : 45791.20000000001,
    "pct2ResTime" : 55072.450000000004,
    "pct3ResTime" : 62402.020000000004,
    "throughput" : 21.730312337022657,
    "receivedKBytesPerSec" : 38208.91324218071,
    "sentKBytesPerSec" : 2.907278115402445
  },
  "Express Js Http Call" : {
    "transaction" : "Express Js Http Call",
    "sampleCount" : 500,
    "errorCount" : 0,
    "errorPct" : 0.0,
    "meanResTime" : 32919.462,
    "medianResTime" : 32913.0,
    "minResTime" : 400.0,
    "maxResTime" : 64018.0,
    "pct1ResTime" : 58058.50000000001,
    "pct2ResTime" : 61131.2,
    "pct3ResTime" : 63540.94,
    "throughput" : 7.267758768550955,
    "receivedKBytesPerSec" : 13295.960114085643,
    "sentKBytesPerSec" : 0.9723466321205867
  },
  "Gin Gonic Http Call" : {
    "transaction" : "Gin Gonic Http Call",
    "sampleCount" : 500,
    "errorCount" : 0,
    "errorPct" : 0.0,
    "meanResTime" : 187.45599999999996,
    "medianResTime" : 172.0,
    "minResTime" : 125.0,
    "maxResTime" : 545.0,
    "pct1ResTime" : 255.0,
    "pct2ResTime" : 300.9,
    "pct3ResTime" : 379.8100000000002,
    "throughput" : 7.296394122024895,
    "receivedKBytesPerSec" : 12920.168270809316,
    "sentKBytesPerSec" : 0.9761777292162214
  },
  "Spring Boot Http Call" : {
    "transaction" : "Spring Boot Http Call",
    "sampleCount" : 500,
    "errorCount" : 0,
    "errorPct" : 0.0,
    "meanResTime" : 192.4560000000001,
    "medianResTime" : 178.0,
    "minResTime" : 94.0,
    "maxResTime" : 513.0,
    "pct1ResTime" : 261.90000000000003,
    "pct2ResTime" : 313.69999999999993,
    "pct3ResTime" : 439.8100000000002,
    "throughput" : 7.307270734380708,
    "receivedKBytesPerSec" : 12237.958702502741,
    "sentKBytesPerSec" : 0.9776329009864816
  }
}