{
  "Total" : {
    "transaction" : "Total",
    "sampleCount" : 3000,
    "errorCount" : 0,
    "errorPct" : 0.0,
    "meanResTime" : 17546.792333333327,
    "medianResTime" : 5005.5,
    "minResTime" : 125.0,
    "maxResTime" : 96055.0,
    "pct1ResTime" : 66878.2,
    "pct2ResTime" : 80522.29999999996,
    "pct3ResTime" : 92992.68999999997,
    "throughput" : 27.836285526059402,
    "receivedKBytesPerSec" : 4889.010422949162,
    "sentKBytesPerSec" : 3.6970066714297647
  },
  "Express Js Http Call" : {
    "transaction" : "Express Js Http Call",
    "sampleCount" : 1000,
    "errorCount" : 0,
    "errorPct" : 0.0,
    "meanResTime" : 46452.06599999997,
    "medianResTime" : 45016.5,
    "minResTime" : 939.0,
    "maxResTime" : 96055.0,
    "pct1ResTime" : 85286.8,
    "pct2ResTime" : 90510.4,
    "pct3ResTime" : 94855.4,
    "throughput" : 9.445992537665894,
    "receivedKBytesPerSec" : 1726.98387982336,
    "sentKBytesPerSec" : 1.2545458839087518
  },
  "Gin Gonic Http Call" : {
    "transaction" : "Gin Gonic Http Call",
    "sampleCount" : 1000,
    "errorCount" : 0,
    "errorPct" : 0.0,
    "meanResTime" : 1235.5979999999988,
    "medianResTime" : 982.0,
    "minResTime" : 125.0,
    "maxResTime" : 9085.0,
    "pct1ResTime" : 2172.0999999999995,
    "pct2ResTime" : 4077.749999999997,
    "pct3ResTime" : 7029.890000000001,
    "throughput" : 9.479212087891254,
    "receivedKBytesPerSec" : 1676.1912999791457,
    "sentKBytesPerSec" : 1.2589578554230572
  },
  "Spring Boot Http Call" : {
    "transaction" : "Spring Boot Http Call",
    "sampleCount" : 1000,
    "errorCount" : 0,
    "errorPct" : 0.0,
    "meanResTime" : 4952.713000000005,
    "medianResTime" : 5146.5,
    "minResTime" : 944.0,
    "maxResTime" : 8450.0,
    "pct1ResTime" : 6628.3,
    "pct2ResTime" : 6933.9,
    "pct3ResTime" : 7785.860000000001,
    "throughput" : 9.460737937559129,
    "receivedKBytesPerSec" : 1582.28994205298,
    "sentKBytesPerSec" : 1.256504257332072
  }
}