{
  "Total" : {
    "transaction" : "Total",
    "sampleCount" : 300,
    "errorCount" : 0,
    "errorPct" : 0.0,
    "meanResTime" : 2767.4066666666663,
    "medianResTime" : 344.5,
    "minResTime" : 112.0,
    "maxResTime" : 14775.0,
    "pct1ResTime" : 10610.000000000002,
    "pct2ResTime" : 12642.599999999999,
    "pct3ResTime" : 14451.890000000001,
    "throughput" : 18.861993083935868,
    "receivedKBytesPerSec" : 33165.480833464324,
    "sentKBytesPerSec" : 2.5235283715812638
  },
  "Express Js Http Call" : {
    "transaction" : "Express Js Http Call",
    "sampleCount" : 100,
    "errorCount" : 0,
    "errorPct" : 0.0,
    "meanResTime" : 7718.080000000002,
    "medianResTime" : 7937.0,
    "minResTime" : 400.0,
    "maxResTime" : 14775.0,
    "pct1ResTime" : 13284.7,
    "pct2ResTime" : 14085.599999999997,
    "pct3ResTime" : 14773.169999999998,
    "throughput" : 6.411900487304437,
    "receivedKBytesPerSec" : 11730.215029093999,
    "sentKBytesPerSec" : 0.8578421550397538
  },
  "Gin Gonic Http Call" : {
    "transaction" : "Gin Gonic Http Call",
    "sampleCount" : 100,
    "errorCount" : 0,
    "errorPct" : 0.0,
    "meanResTime" : 293.35000000000014,
    "medianResTime" : 256.0,
    "minResTime" : 151.0,
    "maxResTime" : 803.0,
    "pct1ResTime" : 498.40000000000003,
    "pct2ResTime" : 550.2999999999998,
    "pct3ResTime" : 802.2399999999996,
    "throughput" : 6.498992656138299,
    "receivedKBytesPerSec" : 11508.161059254566,
    "sentKBytesPerSec" : 0.8694941346591278
  },
  "Spring Boot Http Call" : {
    "transaction" : "Spring Boot Http Call",
    "sampleCount" : 100,
    "errorCount" : 0,
    "errorPct" : 0.0,
    "meanResTime" : 290.7900000000001,
    "medianResTime" : 269.0,
    "minResTime" : 112.0,
    "maxResTime" : 853.0,
    "pct1ResTime" : 457.30000000000007,
    "pct2ResTime" : 533.9999999999998,
    "pct3ResTime" : 850.5099999999987,
    "throughput" : 6.54278984559016,
    "receivedKBytesPerSec" : 10957.633135550248,
    "sentKBytesPerSec" : 0.8753537195760271
  }
}